Date,0
2018-01-02,
2018-01-03,0.0
2018-01-04,0.0
2018-01-05,0.0
2018-01-08,0.0
2018-01-09,0.0
2018-01-10,0.0
2018-01-11,0.0
2018-01-12,0.0
2018-01-16,0.0
2018-01-17,0.0
2018-01-18,0.0
2018-01-19,0.0
2018-01-22,0.0
2018-01-23,0.0
2018-01-24,0.0
2018-01-25,0.0
2018-01-26,0.0
2018-01-29,0.0
2018-01-30,0.0
2018-01-31,0.0
2018-02-01,0.0
2018-02-02,0.0
2018-02-05,0.0
2018-02-06,0.0
2018-02-07,0.0
2018-02-08,0.0
2018-02-09,0.0
2018-02-12,0.0
2018-02-13,0.0
2018-02-14,0.0
2018-02-15,0.0
2018-02-16,0.0
2018-02-20,0.0
2018-02-21,0.0
2018-02-22,0.0
2018-02-23,0.0
2018-02-26,0.0
2018-02-27,0.0
2018-02-28,0.0
2018-03-01,0.0
2018-03-02,0.0
2018-03-05,0.0
2018-03-06,0.0
2018-03-07,0.0
2018-03-08,0.0
2018-03-09,0.0
2018-03-12,0.0
2018-03-13,0.0
2018-03-14,0.0
2018-03-15,-0.0007246892438679746
2018-03-16,-0.0011396569299260695
2018-03-19,-0.003513959962338775
2018-03-20,0.0015130725217912513
2018-03-21,-0.004657297454991312
2018-03-22,-0.005055189963846629
2018-03-23,-0.004313122826466094
2018-03-26,0.008298792495075973
2018-03-27,-0.003310471994746563
2018-03-28,-0.00496319873720101
2018-03-29,-0.003737327895151954
2018-04-02,0.008056598456096171
2018-04-03,-0.008839283102744615
2018-04-04,-0.007217885021252113
2018-04-05,-0.008971519533503124
2018-04-06,0.01770140219812261
2018-04-09,-0.0035514003709135305
2018-04-10,-0.017593136286518738
2018-04-11,0.004722419958631123
2018-04-12,-0.005094803349857861
2018-04-13,0.0007669869348302938
2018-04-16,-0.0005937303159170959
2018-04-17,-0.001504142990800265
2018-04-18,-0.0006536536478470301
2018-04-19,-0.0010180280145769733
2018-04-20,0.002519168947037431
2018-04-23,0.0036129096376856756
2018-04-24,-0.0008464764052901937
2018-04-25,-0.001209559418846066
2018-04-26,-0.0036431870234030976
2018-04-27,-0.0005117134759197432
2018-04-30,-0.0008021688695810954
2018-05-01,-0.0007487914286770314
2018-05-02,-0.00033404424370307994
2018-05-03,0.0033523038917857313
2018-05-04,-0.007706323963391641
2018-05-07,-0.000598047404072392
2018-05-08,0.00278385521480905
2018-05-09,0.003939214109137438
2018-05-10,-0.0011880170426698717
2018-05-11,-0.0017920354071178683
2018-05-14,-0.0005282073189032288
2018-05-15,-0.0008892721153188288
2018-05-16,0.0005291899129267048
2018-05-17,-0.002901842523065327
2018-05-18,-0.0008619786987317728
2018-05-21,0.0014979175924082415
2018-05-22,0.00030966197865870033
2018-05-23,0.007318111476566735
2018-05-24,-0.0011639013559359443
2018-05-25,-0.0011269301696941402
2018-05-29,-0.008099158363043124
2018-05-30,0.007579334464032043
2018-05-31,0.0015336481373066128
2018-06-01,0.008671456711760502
2018-06-04,0.0038657976389579536
2018-06-05,0.0021610430445119567
2018-06-06,0.0014226841911236835
2018-06-07,-0.007298130868445037
2018-06-08,0.00022495228866830456
2018-06-11,0.0012576288369186858
2018-06-12,0.0031747714170732855
2018-06-13,0.003176136479111228
2018-06-14,0.0043768062950570305
2018-06-15,-0.0013961156904474636
2018-06-18,0.002022018465617896
2018-06-19,-0.005438131110017996
2018-06-20,0.0006393327631267875
2018-06-21,-0.00817304295821778
2018-06-22,-0.0012115125716514407
2018-06-25,-0.014235188530366165
2018-06-26,0.006604564989260268
2018-06-27,-0.005570283695625511
2018-06-28,0.003998294948416392
2018-06-29,-0.0016193358584396448
2018-07-02,0.0026299218481724675
2018-07-03,-0.006138351986185046
2018-07-05,0.006215864599861672
2018-07-06,0.0039057851520652442
2018-07-09,-0.0007524975310685301
2018-07-10,0.0016011992125573398
2018-07-11,0.0046551988153796945
2018-07-12,0.000539171190599023
2018-07-13,0.002178654874837127
2018-07-16,-0.002603120902955806
2018-07-17,0.0036860513534603995
2018-07-18,-0.00044172857543757217
2018-07-19,-0.002830777308770971
2018-07-20,-0.001972031706707485
2018-07-23,0.00032750458876760943
2018-07-24,0.001570044462161757
2018-07-25,0.007801743536891004
2018-07-26,0.001144928737834335
2018-07-27,-0.001010980407976129
2018-07-30,-0.004267210402378885
2018-07-31,0.0018797717663453914
2018-08-01,0.0009196419179097674
2018-08-02,-0.0030557457509451194
2018-08-03,0.0035695229162100773
2018-08-06,0.00232200982099214
2018-08-07,-0.003648662939078114
2018-08-08,0.00018366308781440818
2018-08-09,-0.003234720543267063
2018-08-10,-0.0005962381531380179
2018-08-13,0.00043951684338346955
2018-08-14,0.00451829991783466
2018-08-15,0.000488247153688226
2018-08-16,0.006313139278280111
2018-08-17,-0.001615248245244927
2018-08-20,0.0006073684156904642
2018-08-21,-0.0003150998518749374
2018-08-22,0.001765526148942039
2018-08-23,0.004529159486890051
2018-08-24,0.004069506549656221
2018-08-27,0.0037550977624194975
2018-08-28,0.001029230035988878
2018-08-29,0.005458724466452643
2018-08-30,-0.0038189353936593693
2018-08-31,0.0016908069677311955
2018-09-04,0.007618485312261436
2018-09-05,-0.0013290343196772395
2018-09-06,-0.0006401114756407551
2018-09-07,0.0007824481536578702
2018-09-10,0.0021694845708808605
2018-09-11,0.004973991291643779
2018-09-12,0.002703283440263378
2018-09-13,0.0025773100467940567
2018-09-14,0.0023251810894725686
2018-09-17,-0.002985121490057204
2018-09-18,0.0014500680935416936
2018-09-19,-0.006646691359626829
2018-09-20,0.004030176419327532
2018-09-21,0.0012610268813927203
2018-09-24,-0.0003343328377992042
2018-09-25,7.624517037199871e-05
2018-09-26,-0.0032329917188449906
2018-09-27,0.0022131449590623814
2018-09-28,0.00386095617346293
2018-10-01,0.002786727558360354
2018-10-02,-0.001761732695169608
2018-10-03,-0.0017457894394555435
2018-10-04,-0.005615996814170824
2018-10-05,-0.0028795908510865996
2018-10-08,-0.003621785965831085
2018-10-09,0.002960905191814478
2018-10-10,-0.027206477096803676
2018-10-11,-0.010505218622781861
2018-10-12,0.01123222685587375
2018-10-15,-0.00043605850776200125
2018-10-16,-0.008416387715894147
2018-10-17,0.0010826517836002192
2018-10-18,0.011376413674978688
2018-10-19,0.007666901518313574
2018-10-22,-0.00636565809356926
2018-10-23,-0.0006525435805677845
2018-10-24,0.024365713071862916
2018-10-25,-0.018450038274224766
2018-10-26,0.014724150878769271
2018-10-29,0.019233305403034674
2018-10-30,-0.009492156777231083
2018-10-31,-0.01614853435950867
2018-11-01,-0.010252726345092895
2018-11-02,0.005536372431652082
2018-11-05,6.388406815408162e-05
2018-11-06,-0.002897407149702136
2018-11-07,-0.0200781340997793
2018-11-08,0.008643473180647239
2018-11-09,0.01040339381036386
2018-11-12,0.016143661522812543
2018-11-13,0.0006311206417430844
2018-11-14,0.0023990156326743023
2018-11-15,-0.008288426663561973
2018-11-16,0.011376996990975568
2018-11-19,0.022538916324973172
2018-11-20,-0.0007266189242918183
2018-11-21,-0.005075997042707459
2018-11-23,0.005486005050595
2018-11-26,-0.013831103883643907
2018-11-27,-0.0034290318818466854
2018-11-28,-0.02346086810091729
2018-11-29,-0.0016701792886869829
2018-11-30,-0.0010635662743607055
2018-12-03,-0.01688603397345149
2018-12-04,0.025665260224384232
2018-12-06,-0.0003593259482812305
2018-12-07,0.0158621717574724
2018-12-10,-0.0025208401204144435
2018-12-11,0.0038437145916175824
2018-12-12,-0.004800241941318377
2018-12-13,0.004333405876283939
2018-12-14,-0.003955778753382996
2018-12-17,0.0004444917413240934
2018-12-18,-0.0074138701970652195
2018-12-19,0.008315529701155244
2018-12-20,0.008483212336841121
2018-12-21,0.02361996136196592
2018-12-24,0.013573935091324929
2018-12-26,-0.04411227525916786
2018-12-27,-0.006097381893748903
2018-12-28,-0.0031085876053275545
2018-12-31,-0.008805150319638688
2019-01-02,-0.002381565801089854
2019-01-03,0.02921451342987737
2019-01-04,-0.04312576681189499
2019-01-07,-0.013952191824875266
2019-01-08,-0.009498311206136045
2019-01-09,-0.0023203305088762894
2019-01-10,-0.002583462778199508
2019-01-11,-0.0015787363581318899
2019-01-14,0.003295383917812918
2019-01-15,-0.0011998836806213276
2019-01-16,0.001921951799988882
2019-01-17,-0.002686134260268791
2019-01-18,0.0019231834898705428
2019-01-22,-0.002790765118565412
2019-01-23,0.0036995694524325643
2019-01-24,0.003252768178435676
2019-01-25,0.00294485960644381
2019-01-28,-0.010040121274587773
2019-01-29,-0.007853110196527065
2019-01-30,0.013681421658601096
2019-01-31,0.007135556075544465
2019-02-01,-0.0035718244713080012
2019-02-04,0.007103379704049214
2019-02-05,0.0016140778255242737
2019-02-06,-0.0016475480725941774
2019-02-07,-0.008303901144059175
2019-02-08,0.001365991283681552
2019-02-11,-0.0003006398296823254
2019-02-12,0.009189306578195852
2019-02-13,0.0018839798786157713
2019-02-14,-0.00183184195803379
2019-02-15,0.008074745702200034
2019-02-19,0.0026667808304098946
2019-02-20,0.0004406069911692567
2019-02-21,-0.0012771498297732054
2019-02-22,0.0075303058462296455
2019-02-25,0.002090548046574377
2019-02-26,0.0010359382213433613
2019-02-27,-0.0029374206102561105
2019-02-28,-0.0013752133263355225
2019-03-01,0.007501835920953133
2019-03-04,-0.0027458833465897983
2019-03-05,0.001387724452718279
2019-03-06,-0.006218475219161042
2019-03-07,-0.007846400558546344
2019-03-08,-0.0027722276436252763
2019-03-11,0.014112012651072559
2019-03-12,0.0034079029125477557
2019-03-13,0.0055020554749451705
2019-03-14,-0.0021126141777132014
2019-03-15,0.005900614697993681
2019-03-18,0.0016063334808258205
2019-03-19,0.006361423798503933
2019-03-20,0.00045057479366590695
2019-03-21,0.01407190206622524
2019-03-22,-0.015323615098342585
2019-03-25,-0.0015801987113112832
2019-03-26,0.0029004659026610315
2019-03-27,-0.008132512179778591
2019-03-28,0.0001751842404562609
2019-03-29,0.005754172883866067
2019-04-01,0.007405810674699897
2019-04-02,0.0018668676951560826
2019-04-03,0.005823992363778396
2019-04-04,0.00013955763236583134
2019-04-05,0.001508525962055159
2019-04-08,0.002837745956613902
2019-04-09,-0.002172413231715168
2019-04-10,0.002668540827119185
2019-04-11,0.00044061687301682285
2019-04-12,0.00396636498686237
2019-04-15,-7.389853043705911e-05
2019-04-16,0.007783057301446361
2019-04-17,0.0035245643521446914
2019-04-18,0.0022151364037105567
2019-04-22,0.007088012048074688
2019-04-23,0.006662571313587714
2019-04-24,-0.0012139385473430113
2019-04-25,-0.0010846602982415576
2019-04-26,0.0014736563307064742
2019-04-29,0.00016379811730051763
2019-04-30,-0.0028229367161998714
2019-05-01,-0.004247151964849538
2019-05-02,-0.0024403292402597567
2019-05-03,0.005683690524615781
2019-05-06,-0.0042109860677614725
2019-05-07,-0.008986183507931171
2019-05-08,0.0003964576702482884
2019-05-09,-0.002201916174630736
2019-05-10,0.005254209621460696
2019-05-13,-0.012829681892830529
2019-05-14,0.0037892695517251235
2019-05-15,0.003581905725600865
2019-05-16,-0.0005741682501680316
2019-05-17,0.0012023325936916648
2019-05-20,-0.003328184882043365
2019-05-21,-0.0028403773146219407
2019-05-22,0.0009363965893685932
2019-05-23,-0.0007802317545348103
2019-05-24,6.20404712329048e-05
2019-05-28,-5.2198715590767716e-05
2019-05-29,-0.0002764826537475747
2019-05-30,0.0011999432035388372
2019-05-31,0.0014165547484269124
2019-06-03,0.0049175272743109955
2019-06-04,-0.011931904138514925
2019-06-05,0.00020362304448742207
2019-06-06,-0.0014432262078320527
2019-06-07,-0.003633564755570225
2019-06-10,-0.004472678910059898
2019-06-11,-0.0025042149280447012
2019-06-12,0.008175880281830162
2019-06-13,-0.003654822395694009
2019-06-14,0.0033418188473568772
2019-06-17,-0.0068209784358199315
2019-06-18,-0.005935472181287474
2019-06-19,0.004091428880732376
2019-06-20,-0.0017085032117816238
2019-06-21,-0.002529846944850252
2019-06-24,0.0029615063208697965
2019-06-25,-0.0030719192478554035
2019-06-26,-0.0032657087956855808
2019-06-27,-0.0008702958715260538
2019-06-28,-0.002412427199461172
2019-07-01,0.004861618780240573
2019-07-02,0.0038665815644826334
2019-07-03,0.008003010309284108
2019-07-05,-0.0028224898687354673
2019-07-08,-0.0028784785823944095
2019-07-09,0.002330090371340125
2019-07-10,0.007481868148789165
2019-07-11,-0.0015306244513943357
2019-07-12,0.0033522329599003364
2019-07-15,0.0029277329240709584
2019-07-16,-0.004204175919956898
2019-07-17,-0.001730553110226544
2019-07-18,-0.001834453953908118
2019-07-19,-0.005725963611049752
2019-07-22,0.004038029839446592
2019-07-23,0.005674529163774948
2019-07-24,0.0029398476138211005
2019-07-25,-0.01113308508042373
2019-07-26,0.00528916350617867
2019-07-29,-0.0020925565672970325
2019-07-30,0.002135410604746931
2019-07-31,-0.013611849256775554
2019-08-01,-0.00616595352846776
2019-08-02,-0.00899224909763208
2019-08-05,-0.020654069416943963
2019-08-06,0.007906859365615079
2019-08-07,0.002639720776637126
2019-08-08,-0.0017044632484774168
2019-08-09,-0.0007488365582847416
2019-08-12,0.0013398181427369963
2019-08-13,-0.0015191055122692847
2019-08-14,0.01175836285593042
2019-08-15,-6.56376059183894e-05
2019-08-16,-0.010956571386770272
2019-08-19,-0.009493685180932758
2019-08-20,0.005006556265384247
2019-08-21,-0.004367924199990414
2019-08-22,-0.0005327622403064132
2019-08-23,0.013580964369363447
2019-08-26,-0.006727812954970465
2019-08-27,0.001720819300911706
2019-08-28,-0.0012567635203896254
2019-08-29,-0.005930320198261759
2019-08-30,-0.0002623614922954783
2019-09-03,0.0007678796506678687
2019-09-04,-0.001015202083493379
2019-09-05,-0.004918771037823444
2019-09-06,0.001783804430758947
2019-09-09,-0.006128459400539443
2019-09-10,-0.0011540281615039247
2019-09-11,0.005380027940008969
2019-09-12,0.0022876732571891897
2019-09-13,-0.0028065573714857145
2019-09-16,-0.004419155325463076
2019-09-17,0.0015016848346091885
2019-09-18,0.002644540144637834
2019-09-19,0.0002853530772208179
2019-09-20,-0.0014697904250877507
2019-09-23,0.0019049689444819737
2019-09-24,-0.0009959218561021962
2019-09-25,0.0024104634130151775
2019-09-26,0.002535025759758458
2019-09-27,-0.0007287103410038908
2019-09-30,0.0007418030822446964
2019-10-01,-0.002110624542785585
2019-10-02,-0.007120316387591685
2019-10-03,0.0015366005444658085
2019-10-04,0.002378127983275491
2019-10-07,-0.001103431440616609
2019-10-08,-0.0019352167781325166
2019-10-09,0.0029677871458809253
2019-10-10,0.002244132637838022
2019-10-11,-0.0003266447441954257
2019-10-14,-0.0013780317352195166
2019-10-15,0.0007246958872654659
2019-10-16,0.0020221891920028322
2019-10-17,-0.00321128163921105
2019-10-18,0.00038532115556251615
2019-10-21,-0.003101274908951864
2019-10-22,0.0004094398848836186
2019-10-23,-0.003787954740612546
2019-10-24,0.005133034880743507
2019-10-25,0.009378086464182448
2019-10-28,0.005283515781741918
2019-10-29,-0.005738572319185017
2019-10-30,-0.0018927031731988731
2019-10-31,0.0021058752031626253
2019-11-01,0.0029326344350680783
2019-11-04,-0.0008227341807931535
2019-11-05,-0.0029512624786312744
2019-11-06,0.0012809198650780636
2019-11-07,0.004388527870097747
2019-11-08,0.002117187879834296
2019-11-11,-0.0007764023727253563
2019-11-12,0.002210795740547459
2019-11-13,0.0008278620054679054
2019-11-14,-0.0012540330710364164
2019-11-15,0.003106834565266081
2019-11-18,0.002508285238388889
2019-11-19,0.0007128740099819379
2019-11-20,-0.0035885166576392364
2019-11-21,0.0015148101982583133
2019-11-22,-0.0016084328862944937
2019-11-25,0.005592324852152808
2019-11-26,-0.0021371512801868033
2019-11-27,0.0027515362375234885
2019-11-29,-0.0025730121913783727
2019-12-02,-0.007143618650956244
2019-12-03,-0.004153534789590252
2019-12-04,0.001168568103835262
2019-12-05,0.0006273290515854346
2019-12-06,0.007425409600443604
2019-12-09,-0.002096262897298207
2019-12-10,-0.0004100103047648777
2019-12-11,0.003613421258144182
2019-12-12,0.008226376129073251
2019-12-13,0.002782876178424798
2019-12-16,0.009810305703046092
2019-12-17,5.7324876250401206e-05
2019-12-18,0.0001283097708481118
2019-12-19,0.005702781969906734
2019-12-20,0.00720020707425925
2019-12-23,-0.0003033594069293451
2019-12-24,0.0016475924539921785
2019-12-26,0.005722936529679327
2019-12-27,9.793134026732838e-06
2019-12-30,-0.008126302892695203
2019-12-31,0.003023828692336968
2020-01-02,0.012084574687438914
2020-01-03,-0.006742600310169074
2020-01-06,0.005484967071708287
2020-01-07,-0.002378081490716773
2020-01-08,0.0055962554653143926
2020-01-09,0.0046018428579179295
2020-01-10,-0.0012803335240756941
2020-01-13,0.011996392744426425
2020-01-14,-0.00218828970516155
2020-01-15,0.0015813026528960956
2020-01-16,0.00503395350967775
2020-01-17,0.006745859101961682
2020-01-21,0.0038735292110804362
2020-01-22,0.00416134937834907
2020-01-23,0.0018273840420417427
2020-01-24,-0.004836306269353371
2020-01-27,-0.010771999054794723
2020-01-28,0.008239461204209065
2020-01-29,-0.002634756464543316
2020-01-30,0.004650146170356458
2020-01-31,-0.005147632268698007
2020-02-03,0.01481925936136903
2020-02-04,0.014775095571846404
2020-02-05,-0.004195164821256992
2020-02-06,0.0020761076823637777
2020-02-07,-0.0014802075763808542
2020-02-10,0.010550792974063538
2020-02-11,0.00037267255980447296
2020-02-12,0.004292471710029462
2020-02-13,-6.887155270705048e-05
2020-02-14,0.0037877747370714514
2020-02-18,0.0029348653640610344
2020-02-19,0.009402841753636619
2020-02-20,-0.004553800040758131
2020-02-21,-0.012571656274111838
2020-02-24,-0.02567484749962911
2020-02-25,-0.013622423270641433
2020-02-26,0.0051445209805235
2020-02-27,-0.015569349722070342
2020-02-28,0.0069614477301709445
2020-03-02,-0.0029099265136999157
2020-03-03,0.008645441371847369
2020-03-04,-0.012133476108066513
2020-03-05,0.01961627060678616
2020-03-06,0.006608332669707199
2020-03-09,0.0564257115125386
2020-03-10,-0.04071533274419738
2020-03-11,0.042114317989241014
2020-03-12,0.07640599404590262
2020-03-13,-0.08972496906603326
2020-03-16,0.08726482335717702
2020-03-17,-0.061250678874131693
2020-03-18,0.04828453811123358
2020-03-19,-0.008200200647126347
2020-03-20,0.035403127329775595
2020-03-23,0.0059062667318208525
2020-03-24,-0.09067980420492934
2020-03-25,-0.0029162536702439772
2020-03-26,-0.061259939344334956
2020-03-27,0.03800677030965782
2020-03-30,-0.03439261559579983
2020-03-31,0.013435272717778893
2020-04-01,0.040443246322246516
2020-04-02,-0.027587124774465652
2020-04-03,0.014397852783544496
2020-04-06,-0.07024296957606288
2020-04-07,0.002628497966281033
2020-04-08,-0.023970238838570416
2020-04-09,-0.010004656866725045
2020-04-13,0.00519385630229107
2020-04-14,-0.02122825144989944
2020-04-15,0.01411669315248979
2020-04-16,0.009982552439131483
2020-04-17,-0.02327538983610782
2020-04-20,0.008054326261324022
2020-04-21,-0.0019204034364701528
2020-04-22,0.0033356470620893087
2020-04-23,-0.006714746481886591
2020-04-24,0.00943787184045245
2020-04-27,-0.0012373671040034025
2020-04-28,-0.013911995799631071
2020-04-29,0.00605407867856077
2020-04-30,0.0028930206487777924
2020-05-01,-0.019827713409384756
2020-05-04,0.01513290572917602
2020-05-05,0.00906309176462086
2020-05-06,0.004075756817635375
2020-05-07,0.004359352191720263
2020-05-08,0.011768828660052622
2020-05-11,0.01008305330674429
2020-05-12,-0.013163782152784425
2020-05-13,-0.008452676315365093
2020-05-14,0.008450047024563374
2020-05-15,0.009086160281218954
2020-05-18,0.01001000406123361
2020-05-19,-0.004828709228021973
2020-05-20,0.012031230867303825
2020-05-21,-0.011684059000684905
2020-05-22,0.0033715762200257184
2020-05-26,-0.007723818212197971
2020-05-27,-0.0019565274093473937
2020-05-28,-0.0031987729661623553
2020-05-29,0.008853421822462319
2020-06-01,0.002801100123551496
2020-06-02,0.006762649820619804
2020-06-03,0.010540452032436158
2020-06-04,-0.0026764328359438205
2020-06-05,0.025020793918939122
2020-06-08,0.015461893274864287
2020-06-09,-0.002702645867424314
2020-06-10,0.0028692207108086914
2020-06-11,-0.06088281769073109
2020-06-12,0.014557220365830785
2020-06-15,0.009349607791290352
2020-06-16,0.014574503852025182
2020-06-17,-0.004036234003439043
2020-06-18,0.004317561426542519
2020-06-19,-0.0053157695154028685
2020-06-22,0.008116438813051715
2020-06-23,0.0030998383262996125
2020-06-24,-0.020306527014398328
2020-06-25,0.007092702651017942
2020-06-26,-0.015506280488153563
2020-06-29,0.007295863411513966
2020-06-30,0.006355894343551057
2020-07-01,0.008639021829808266
2020-07-02,0.0028387570299541714
2020-07-06,0.01402635350523112
2020-07-07,-0.0011444986433294354
2020-07-08,0.007244278115847176
2020-07-09,0.005912259682340137
2020-07-10,5.9583853219639474e-05
2020-07-13,-0.012922440057772214
2020-07-14,0.0032175056931943373
2020-07-15,-0.0003184636465188184
2020-07-16,-0.006459336176748387
2020-07-17,-0.002300349741217204
2020-07-20,0.01647506706216828
2020-07-21,-0.009401598359575896
2020-07-22,0.004940140774016943
2020-07-23,-0.014944095423178143
2020-07-24,0.004364245183674845
2020-07-27,0.010007281348598658
2020-07-28,-0.004423766059266731
2020-07-29,0.009850804668537206
2020-07-30,0.008620106901343036
2020-07-31,0.006808539076856546
2020-08-03,0.007367010394860715
2020-08-04,0.002677442002547292
2020-08-05,-0.004609441480536302
2020-08-06,0.008913316030905904
2020-08-07,-0.007208963686257286
2020-08-10,-0.010353264282327334
2020-08-11,-0.012238655820879447
2020-08-12,0.020845924492211072
2020-08-13,0.00020999108769924612
2020-08-14,-0.001695295288518032
2020-08-17,0.009425539929275617
2020-08-18,0.006341456894476116
2020-08-19,-0.003361134226296125
2020-08-20,0.008786276077702848
2020-08-21,0.004982325399312323
2020-08-24,0.0026903583264683006
2020-08-25,0.0061358739437914105
2020-08-26,0.023603472656582896
2020-08-27,-0.0010457183688515634
2020-08-28,0.005307479463490098
2020-08-31,0.0060229577325204365
2020-09-01,0.009706256158949515
2020-09-02,0.008009217150625574
2020-09-03,-0.029988779779994593
2020-09-04,-0.009462731418265013
2020-09-08,-0.025500526354612387
2020-09-09,0.020309926784853397
2020-09-10,-0.008256209120541454
2020-09-11,-0.002368356524375674
2020-09-14,0.010155762751799184
2020-09-15,0.009913118542562879
2020-09-16,-0.013839094633557663
2020-09-17,-0.007537323107071207
2020-09-18,3.578749023506559e-05
2020-09-21,0.004129715070314177
2020-09-22,-5.7876275335448186e-05
2020-09-23,-0.004706449740156204
2020-09-24,0.0026112356043925737
2020-09-25,-0.003636372553748942
2020-09-28,-0.007003503333498824
2020-09-29,0.002296340991817425
2020-09-30,0.0014969516556013604
2020-10-01,-0.0012622010518158293
2020-10-02,-0.0013156076738107777
2020-10-05,-0.003676637676178688
2020-10-06,0.00899555469669702
2020-10-07,-0.002404318238125543
2020-10-08,-0.0076746879890928175
2020-10-09,0.0019392173553248182
2020-10-12,-0.0016104263345477728
2020-10-13,0.002646506610441686
2020-10-14,-0.0017673990081535141
2020-10-15,-0.0033450268544251744
2020-10-16,-0.0032164181125035646
2020-10-19,-0.0024745822459654953
2020-10-20,-0.0030829058014718506
2020-10-21,-0.0037213686926284057
2020-10-22,-0.005260432160181831
2020-10-23,0.002798541372100342
2020-10-26,-0.0035074801097438137
2020-10-27,0.008165920804213921
2020-10-28,-0.010970682612514071
2020-10-29,-0.0035367121220083787
2020-10-30,0.008074203394115598
2020-11-02,-0.0034947982439021306
2020-11-03,-0.005431060932730111
2020-11-04,-0.010798156250029696
2020-11-05,-0.005688943975662153
2020-11-06,0.001939464939111546
2020-11-09,-0.021257589446011246
2020-11-10,-0.0037207879926997073
2020-11-11,-0.0007010339145525401
2020-11-12,0.005850408481151274
2020-11-13,0.001174212494170057
2020-11-16,0.011301431979376027
2020-11-17,0.00199836120774544
2020-11-18,-0.0051962085196182615
2020-11-19,0.003408307130617231
2020-11-20,-0.006621871175298759
2020-11-23,0.009427595554980173
2020-11-24,0.012195936905763633
2020-11-25,-0.0037381327255621524
2020-11-27,-0.00016059549069139163
2020-11-30,-0.004420546530158253
2020-12-01,0.005453661717508777
2020-12-02,0.0028623433169785955
2020-12-03,0.0014262634644540805
2020-12-04,0.006281445729226687
2020-12-07,0.0014417064531271119
2020-12-08,0.004985673516363964
2020-12-09,-0.0025547735684434652
2020-12-10,-0.0005001074673687156
2020-12-11,-0.0010399055350806688
2020-12-14,-0.003267734952424217
2020-12-15,0.006843006522131619
2020-12-16,-0.0005093094138591233
2020-12-17,0.000525146098646075
2020-12-18,-0.0013628641630530384
2020-12-21,-0.007051950877680069
2020-12-22,-0.003466400663742149
2020-12-23,0.0039153879724946146
2020-12-24,0.002585499536101051
2020-12-28,0.00422758397990823
2020-12-29,0.0018469220003653364
2020-12-30,0.0017096871578088442
2020-12-31,0.003669045408580729
2021-01-04,-0.009987783310796913
2021-01-05,0.004474143712314364
2021-01-06,0.0012723851181149085
2021-01-07,0.009801842232910796
2021-01-08,0.004083360862436888
2021-01-11,-0.004813977542108602
2021-01-12,0.0013270561047710036
2021-01-13,0.0030396329096010867
2021-01-14,0.003725017222315885
2021-01-15,-0.005647260171540114
2021-01-19,-1.792267493855304e-05
2021-01-20,-0.0002577741509214859
2021-01-21,-0.0008228304406981931
2021-01-22,-0.007254925563047457
2021-01-25,0.0004100915177753276
2021-01-26,-0.0018491036112910548
2021-01-27,-0.008427246845161659
2021-01-28,0.0034828944170776422
2021-01-29,-0.00361875652037766
2021-02-01,0.00771311759871326
2021-02-02,0.004270958974198524
2021-02-03,0.0011416118596822677
2021-02-04,0.00039409585532178547
2021-02-05,0.0006160311608384446
2021-02-08,0.00431314953473512
2021-02-09,-0.0033475338293660452
2021-02-10,-0.0007832587117866792
2021-02-11,0.0026868610847319914
2021-02-12,0.00032593186838298185
2021-02-16,0.0019731537493835123
2021-02-17,-0.0013293468477568293
2021-02-18,-0.0007716223955497759
2021-02-19,-0.003131135188406216
2021-02-22,-0.002961188032942963
2021-02-23,0.003479950699971849
2021-02-24,0.011528719534587244
2021-02-25,-0.013672942414839906
2021-02-26,-0.0031139080162377246
2021-03-01,0.0014491435943705278
2021-03-02,0.0014168656758266434
2021-03-03,0.0034764929731515054
2021-03-04,0.0032187297559171306
2021-03-05,0.002005428973071825
2021-03-08,0.012248389428991917
2021-03-09,-0.017711013858990862
2021-03-10,0.004439736467012559
2021-03-11,-0.011199280441941621
2021-03-12,0.005159011743625781
2021-03-15,-0.0059067078075779635
2021-03-16,-0.004009941301213419
2021-03-17,0.0016392028311378352
2021-03-18,0.004191943662698868
2021-03-19,-0.005553927102864068
2021-03-22,-0.006642273855611772
2021-03-23,-0.004217859478254001
2021-03-24,0.007840685610178895
2021-03-25,0.0056028930540580005
2021-03-26,0.0055469684952889325
2021-03-29,0.002962132994217559
2021-03-30,-0.003465445419230802
2021-03-31,-0.009709939074786844
2021-04-01,-0.0022897407858393486
2021-04-05,4.718041194512098e-05
2021-04-06,-0.002752818725608993
2021-04-07,0.0018261547437874522
2021-04-08,-0.0026286615162067874
2021-04-09,1.0102762307939716e-05
2021-04-12,0.0018066492341300977
2021-04-13,-0.004206821331632115
2021-04-14,-0.0013980696074651208
2021-04-15,0.009542368698658292
2021-04-16,0.0023367279718502867
2021-04-19,-0.005060512172172286
2021-04-20,-0.003472799728930698
2021-04-21,0.0037131436034041824
2021-04-22,-0.007092110503282582
2021-04-23,0.0038480055975569248
2021-04-26,-0.0005889521250297772
2021-04-27,-0.0034216295002174233
2021-04-28,-0.0030976338317188824
2021-04-29,0.0009135573404735549
2021-04-30,-0.0011844137610823849
2021-05-03,-0.0019851837719294515
2021-05-04,-0.007654196197808605
2021-05-05,-0.0013655761297885446
2021-05-06,0.006243065084256401
2021-05-07,0.0022526706462635106
2021-05-10,-0.009501579923692978
2021-05-11,-0.004008372402692324
2021-05-12,-0.006658687769367315
2021-05-13,0.009318114085798239
2021-05-14,0.005364545994298864
2021-05-17,0.003090705300083755
2021-05-18,-0.006022809660937723
2021-05-19,-0.004419941454622386
2021-05-20,-0.0026487321970213714
2021-05-21,0.000983741284154105
2021-05-24,-0.004074082948780544
2021-05-25,-0.004595853685168235
2021-05-26,-0.0012357983729147167
2021-05-27,-0.0041295020489235425
2021-05-28,0.004815632945234727
2021-06-01,0.0024684240918815786
2021-06-02,0.002997834111990379
2021-06-03,0.006670016972808549
2021-06-04,0.0013346176131188159
2021-06-07,0.0021105490881830075
2021-06-08,-0.0012086516077107609
2021-06-09,-0.0011349214724280818
2021-06-10,-0.00036162718331201883
2021-06-11,-0.0004466584191236208
2021-06-14,-0.0022700425083582534
2021-06-15,0.0007523267379293023
2021-06-16,-0.005591083218749208
2021-06-17,-0.00013149456647166085
2021-06-18,-0.00621877335330282
2021-06-21,0.006694592046040989
2021-06-22,0.0036641039463997252
2021-06-23,-0.003798086574422199
2021-06-24,0.0015094308309623993
2021-06-25,-0.0022103292008154086
2021-06-28,0.0023595853530671766
2021-06-29,0.003147267222859636
2021-06-30,0.00016250927604210356
2021-07-01,-0.00020320700726793225
2021-07-02,0.002680098530464725
2021-07-06,0.003183477003401025
2021-07-07,-0.0036603182386276208
2021-07-08,-0.002251981825923751
2021-07-09,0.0010585426835294917
2021-07-12,-0.0007518915704442889
2021-07-13,0.0025451676515124587
2021-07-14,0.0016307206507602682
2021-07-15,-0.005044777429927305
2021-07-16,0.0003083665232917809
2021-07-19,0.0005507919785487037
2021-07-20,0.0024017942760639547
2021-07-21,-0.0013023908914293356
2021-07-22,0.007163679574091634
2021-07-23,0.009061925923511445
2021-07-26,-0.0023253232404551348
2021-07-27,-0.001775920795384393
2021-07-28,0.0023073982897833505
2021-07-29,0.0021962956189045535
2021-07-30,0.000818346262731499
2021-08-02,0.00045883397571711373
2021-08-03,0.0026111456312059096
2021-08-04,0.004725235617979577
2021-08-05,0.00045679853512731183
2021-08-06,-0.005452625703601236
2021-08-09,0.0017816145098054589
2021-08-10,-0.0033438245767487365
2021-08-11,-0.003064884810573935
2021-08-12,0.004491973857683018
2021-08-13,0.005539787604576818
2021-08-16,0.0003719599571090582
2021-08-17,-0.0023220221350835975
2021-08-18,-0.00431689193069514
2021-08-19,0.005243179472479797
2021-08-20,0.006812484602947092
2021-08-23,0.003617691275321988
2021-08-24,-0.0041080657785756945
2021-08-25,0.000273744514534154
2021-08-26,0.00024188046066880481
2021-08-27,0.0023078690884967908
2021-08-30,0.005980891278813875
2021-08-31,-0.0020378044691205153
2021-09-01,0.005032573000085764
2021-09-02,-0.0018568939948080398
2021-09-03,0.0023280221908928127
2021-09-07,0.0011712616874841116
2021-09-08,-0.0009895302661938757
2021-09-09,-0.001418880058852697
2021-09-10,-0.0027593950147941785
2021-09-13,-0.005331007405628866
2021-09-14,0.0001173612109344635
2021-09-15,4.011998964492669e-07
2021-09-16,0.0014955815640981549
2021-09-17,-0.0007507889499066186
2021-09-20,-0.009477844821809845
2021-09-21,0.0005975722831756551
2021-09-22,-4.5535458690619074e-05
2021-09-23,0.002483285462848868
2021-09-24,0.0006600717055225876
2021-09-27,-0.0033697449556150134
2021-09-28,-0.0052912181462174655
2021-09-29,-0.002389244336201579
2021-09-30,0.0035299590815221493
2021-10-01,-0.0067714014549033145
2021-10-04,0.006635796710109935
2021-10-05,0.0008827625427344166
2021-10-06,-0.0038415076493647318
2021-10-07,-0.004645642060656515
2021-10-08,0.0035679713410954254
2021-10-11,0.0027656752333630854
2021-10-12,0.0015274983875945578
2021-10-13,-0.0034003734189286187
2021-10-14,-0.009042224168098256
2021-10-15,-0.0008822642803644494
2021-10-18,-0.0016903173638726657
2021-10-19,-0.0019292069975502442
2021-10-20,0.001148584502700271
2021-10-21,-0.0006262919070125439
2021-10-22,0.0014306288690237423
2021-10-25,0.005316999127948655
2021-10-26,0.005541311197433873
2021-10-27,0.0006025011228948089
2021-10-28,0.0038222894041302006
2021-10-29,0.004380403201896465
2021-11-01,-0.0014682137659339234
2021-11-02,0.00038842299069573224
2021-11-03,0.0021219503361568823
2021-11-04,0.003718224393518003
2021-11-05,-0.014489104405311655
2021-11-08,0.0031408867021551507
2021-11-09,-0.00023834132954161368
2021-11-10,-0.006402967632676793
2021-11-11,0.007504016629707392
2021-11-12,0.002393719305059868
2021-11-15,0.0021942669308873267
2021-11-16,0.006064036012718839
2021-11-17,0.0023061686642227813
2021-11-18,0.005868218428412912
2021-11-19,-0.0028097499237823083
2021-11-22,-0.0017191225579722671
2021-11-23,-8.460506421666957e-05
2021-11-24,0.0031003295658566334
2021-11-26,-0.009400243345492006
2021-11-29,0.010591962728495271
2021-11-30,-0.00831073984451733
2021-12-01,-0.007534116997577208
2021-12-02,-0.0038560813077615015
2021-12-03,-0.006165205508544947
2021-12-06,-0.010384985617353855
2021-12-07,0.0070120260748068545
2021-12-08,-0.00029895729777006385
2021-12-09,-0.003916706023866716
2021-12-10,-0.0007882674653905796
2021-12-13,-0.002374012762370851
2021-12-14,-0.002860425600876552
2021-12-15,0.01146784716515669
2021-12-16,-0.0016706537976612886
2021-12-17,-0.0048177428709513985
2021-12-20,0.0006420798413110089
2021-12-21,-0.0014785371998281005
2021-12-22,-0.002219024654639649
2021-12-23,-0.0013189361264051088
2021-12-27,0.0069232980413160205
2021-12-28,-0.002585875655938467
2021-12-29,0.0007653654988532617
2021-12-30,-0.0019622841283076673
2021-12-31,0.001054139012761653
2022-01-03,-0.003778639499725552
2022-01-04,-0.003782873464169804
2022-01-05,-0.001716048042683375
2022-01-06,-0.0027409632447992958
2022-01-07,-0.002430400713168886
2022-01-10,0.00043969662226751584
2022-01-11,0.001931065129379117
2022-01-12,5.7599579516631747e-05
2022-01-13,0.0064348207597384795
2022-01-14,-0.0023094088118044698
2022-01-18,0.001942647652282814
2022-01-19,-0.003060718620583669
2022-01-20,0.0011398987828752669
2022-01-21,0.007469713048355527
2022-01-24,-0.0050962125295222075
2022-01-25,0.014192590367842
2022-01-26,-0.005584264636323144
2022-01-27,0.00391007287736476
2022-01-28,-0.01833212041979981
2022-01-31,-0.019746150889600668
2022-02-01,-0.005478782693610232
2022-02-02,-0.0030085851406073632
2022-02-03,0.0256994566434293
2022-02-04,-0.011789600106448734
2022-02-07,0.005684398866066464
2022-02-08,-0.006388277638883936
2022-02-09,-0.013307880518729625
2022-02-10,0.009234808916152033
2022-02-11,0.02046944295102023
2022-02-14,-0.0019124098136712637
2022-02-15,-0.013756046219566031
2022-02-16,0.003814830230944525
2022-02-17,0.016486386246909606
2022-02-18,0.004891007932696849
2022-02-22,0.005020704347793085
2022-02-23,0.01669268952888057
2022-02-24,-0.019496070364090297
2022-02-25,-0.011926395736532928
2022-02-28,0.0007705702426415291
2022-03-01,0.015665564839724085
2022-03-02,-0.013195637618712442
2022-03-03,0.011239844678224276
2022-03-04,0.011663072129824478
2022-03-07,0.03133226080864055
2022-03-08,0.007141142908979018
2022-03-09,-0.030958069643260835
2022-03-10,0.009397232666043457
2022-03-11,0.013260845968476976
2022-03-14,0.00703854392802773
2022-03-15,-0.02918570081848297
2022-03-16,-0.025888348756307685
2022-03-17,-0.008590044659486566
2022-03-18,-0.014949906365543083
2022-03-21,0.004131202621160668
2022-03-22,-0.013817603806130467
2022-03-23,0.014125161101032135
2022-03-24,-0.009413398293733865
2022-03-25,-0.0009286958570244234
2022-03-28,0.00038012065670979994
2022-03-29,-0.004762706380497572
2022-03-30,-0.0007117394337144496
2022-03-31,-0.005619909299776416
2022-04-01,0.0008637003479695834
2022-04-04,0.0027364432160722524
2022-04-05,-0.004003787925258491
2022-04-06,-0.0009451682396012018
2022-04-07,0.0038856421952404834
2022-04-08,-0.001483064527120185
2022-04-11,-0.010107807138645857
2022-04-12,0.00034302549391428404
2022-04-13,0.004944299591429313
2022-04-14,0.005417313751040017
2022-04-18,-0.0026693342899231864
2022-04-19,-0.006669894421213966
2022-04-20,0.012941671129101351
2022-04-21,0.010359701936956556
2022-04-22,0.0029065462195219066
2022-04-25,-0.007679271564716424
2022-04-26,0.011962539498967303
2022-04-27,0.004784352456932524
2022-04-28,-0.024209311446310746
2022-04-29,0.022730708654547134
2022-05-02,-0.012058748130170504
2022-05-03,-0.0017413319444359865
2022-05-04,-0.01814669069931106
2022-05-05,0.032211751903400435
2022-05-06,0.006427301201583816
2022-05-09,0.029583433138511545
2022-05-10,-0.013034625410027678
2022-05-11,0.020448839180321234
2022-05-12,0.0030767077089635516
2022-05-13,-0.023541990513285645
2022-05-16,0.010942297563539923
2022-05-17,-0.02487389948096693
2022-05-18,0.024606296887481838
2022-05-19,0.00571098436159138
2022-05-20,0.0026652087208380343
2022-05-23,-0.010481151025341813
2022-05-24,0.019267862250988744
2022-05-25,-0.008381673591602542
2022-05-26,-0.020723881559402548
2022-05-27,-0.022534549197433435
2022-05-31,0.0001113966290185675
2022-06-01,0.004315639343341552
2022-06-02,-0.027451457853566848
2022-06-03,0.0208713019555851
2022-06-06,-0.0016654056778071561
2022-06-07,-0.0014684879290163045
2022-06-08,0.002748592845958527
2022-06-09,0.009952797463975486
2022-06-10,0.00914966749216154
2022-06-13,0.008309884108566982
2022-06-14,-0.0034571481815872146
2022-06-15,-0.01529125868736041
2022-06-16,0.0062499002492336165
2022-06-17,-0.004569934836067321
2022-06-21,-0.011886757885256413
2022-06-22,-0.0004757117130707737
2022-06-23,-0.009868082537168022
2022-06-24,-0.030953819467423038
2022-06-27,0.006404600367494747
2022-06-28,0.02178373225676778
2022-06-29,0.0016288459652247641
2022-06-30,0.0090063175851171
2022-07-01,-0.004356070495680013
2022-07-05,-0.008037196354932379
2022-07-06,-0.00263227607657512
2022-07-07,-0.014012965715461182
2022-07-08,0.0002427604155159931
2022-07-11,0.01165172084730977
2022-07-12,0.0019354971717037595
2022-07-13,-0.005237130189802249
2022-07-14,-0.0005573587308419133
2022-07-15,-0.011700658917141374
2022-07-18,-0.00882732062725135
2022-07-19,-0.005391961268991333
2022-07-20,-0.004511191142387324
2022-07-21,0.002510900909293645
2022-07-22,0.001007910189464704
2022-07-25,-0.002317412054961887
2022-07-26,-0.00018047329379485092
2022-07-27,-0.00494227805717448
2022-07-28,0.0010349120481645527
2022-07-29,0.0022071639580990526
2022-08-01,0.004285626393418203
2022-08-02,-0.0012725929237245915
2022-08-03,0.012021006589229555
2022-08-04,0.007357159079816892
2022-08-05,-0.005581647048456254
2022-08-08,-0.0030084749455530414
2022-08-09,-0.007583321444554007
2022-08-10,0.015094338758668025
2022-08-11,-0.0003833330697574448
2022-08-12,0.010810156512355232
2022-08-15,0.004315329283941179
2022-08-16,0.00014953618425366614
2022-08-17,-0.007523699384144789
2022-08-18,0.005895866537326789
2022-08-19,-0.01579762870712797
2022-08-22,-0.019851464817913132
2022-08-23,0.00021607695014842128
2022-08-24,0.0037296874433130492
2022-08-25,0.01064437900488242
2022-08-26,-0.030270869609541045
2022-08-29,-0.004170600755293837
2022-08-30,-0.008903143647705532
2022-08-31,-0.005333532603108278
2022-09-01,0.0014120081706366398
2022-09-02,0.0007413642565512358
2022-09-06,0.001006186510511246
2022-09-07,-0.0012741664366096768
2022-09-08,-0.004612986506113522
2022-09-09,-0.005860846505952763
2022-09-12,-0.0021608712968501087
2022-09-13,0.02263060848978865
2022-09-14,0.0028542102229150027
2022-09-15,0.014985349343790765
2022-09-16,0.0008740433812210717
2022-09-19,-0.0006571745595262598
2022-09-20,0.006088166151723506
2022-09-21,0.007651029618375482
2022-09-22,0.0014351381293650767
2022-09-23,0.00414439169404717
2022-09-26,0.008475734381694865
2022-09-27,0.0038734030780763614
2022-09-28,-0.011502781288765288
2022-09-29,0.01613289837951672
2022-09-30,0.013561615539649503
2022-10-03,-0.02470609492742904
2022-10-04,-0.028354015127257364
2022-10-05,-0.0005323115532177163
2022-10-06,0.008498823382406576
2022-10-07,0.02965337487753815
2022-10-10,0.010450016430680184
2022-10-11,0.005749763488582127
2022-10-12,-0.0009155209452026228
2022-10-13,-0.024637049701002594
2022-10-14,0.01757916212990634
2022-10-17,-0.027138712035413647
2022-10-18,-0.006950975331737863
2022-10-19,-0.00023230146994285272
2022-10-20,-0.0023841399047024275
2022-10-21,-0.015454849337307437
2022-10-24,-0.009178785173047302
2022-10-25,-0.01616696427054232
2022-10-26,0.014774856425664578
2022-10-27,0.013823891695544276
2022-10-28,-0.01446045201608911
2022-10-31,0.007524292968864351
2022-11-01,0.0041139417787084635
2022-11-02,0.007777114503978344
2022-11-03,0.004077435223164131
2022-11-04,-0.0021680791331243304
2022-11-07,0.00030873126204534383
2022-11-08,0.004017794372539115
2022-11-09,0.0014499154800362458
2022-11-10,-0.012385214455118924
2022-11-11,-0.006531795889493231
2022-11-14,0.0037947249273018327
2022-11-15,-0.002910350298365579
2022-11-16,0.003606503003025082
2022-11-17,0.005800185443909493
2022-11-18,0.0016781642531847774
2022-11-21,-0.0004062983192941664
2022-11-22,0.014027810382708273
2022-11-23,0.0008983941615036943
2022-11-25,-0.0007042194041706732
2022-11-28,-0.011008085236681679
2022-11-29,-2.9587434179319713e-06
2022-11-30,0.023194729986992332
2022-12-01,-0.0014192517959533875
2022-12-02,-0.0024698256764258447
2022-12-05,-0.0051546322569256215
2022-12-06,-0.00821829758127408
2022-12-07,0.0005020654206291386
2022-12-08,0.008541073763662492
2022-12-09,-0.007980203380796247
2022-12-12,0.013203182991513348
2022-12-13,0.00487173320650075
2022-12-14,-0.00040467479345008086
2022-12-15,-0.017765813813213224
2022-12-16,-0.0014890979922180395
2022-12-19,-0.002963974020438002
2022-12-20,0.004268192091513642
2022-12-21,0.0076569155544181314
2022-12-22,-0.0027898369744640736
2022-12-23,-0.0009063801126452035
2022-12-27,0.002065833109175745
2022-12-28,-0.001437717039606549
2022-12-29,-0.0023625769361024598
2022-12-30,-0.0018448320757123216
2023-01-03,0.00705897943828148
2023-01-04,-0.0060626095932264056
2023-01-05,0.003956407899531381
2023-01-06,-0.005439443830161354
2023-01-09,-0.009369305214070341
2023-01-10,-0.0002199219022807582
2023-01-11,-0.005538171890912328
2023-01-12,-0.003960980437716918
2023-01-13,6.811368812241758e-05
2023-01-17,-0.007007480526060209
2023-01-18,-0.0036362290044714956
2023-01-19,-0.00018290968158962695
2023-01-20,0.00888996261943339
2023-01-23,0.005101066612433014
2023-01-24,-0.001743120302308147
2023-01-25,0.0036531172641184034
2023-01-26,0.00734012995751544
2023-01-27,-0.004485410935447257
2023-01-30,-0.008839543321707777
2023-01-31,0.004775898006092931
2023-02-01,0.012512006103523599
2023-02-02,0.021462031247334028
2023-02-03,-0.007927725816821033
2023-02-06,-0.007453426793802375
2023-02-07,0.012537877663403063
2023-02-08,-0.008757023458582973
2023-02-09,-0.0054188234628470226
2023-02-10,-0.010480416275426507
2023-02-13,0.00829392779561982
2023-02-14,0.007743094055632882
2023-02-15,0.001933632330492526
2023-02-16,-0.01524789201723752
2023-02-17,-0.008818081405447578
2023-02-21,-0.016102827266800512
2023-02-22,-0.0008943865657468779
2023-02-23,0.006589739199707497
2023-02-24,-0.009741365643130414
2023-02-27,0.004621099178408594
2023-02-28,0.0016892316291963639
2023-03-01,-0.003913539201046978
2023-03-02,9.464460780910603e-05
2023-03-03,0.008055964960677685
2023-03-06,-0.002290636156195088
2023-03-07,0.0028293744121367574
2023-03-08,0.003047145721393137
2023-03-09,0.0021421414405232006
2023-03-10,0.0006501079880346872
2023-03-13,0.002306318964325945
2023-03-14,0.0010744724210028664
2023-03-15,0.005888109406111275
2023-03-16,-0.0036002707000336474
2023-03-17,0.0035877268979480586
2023-03-20,-0.0056700177315170035
2023-03-21,-0.001031699130137187
2023-03-22,0.006930971291809518
2023-03-23,0.0009508630857563298
2023-03-24,0.0005177947889613047
2023-03-27,-0.009037736844956356
2023-03-28,-0.0008673923165053554
2023-03-29,0.004612003552908954
2023-03-30,0.0010736798730855794
2023-03-31,0.004782588350291424
2023-04-03,-0.006841317215359814
2023-04-04,0.001826428447376712
2023-04-05,-0.006341326571869721
2023-04-06,0.0038514068048923693
2023-04-10,-0.0034816607371359683
2023-04-11,-0.0034303991786415705
2023-04-12,-0.00037711723249427654
2023-04-13,0.010550904769020446
2023-04-14,-0.0043917608392206415
2023-04-17,-0.002056365537942473
2023-04-18,0.002383120222570619
2023-04-19,-0.0011187525457788893
2023-04-20,-0.003896717776401204
2023-04-21,0.0030095970807540564
2023-04-24,-0.0004912776242231631
2023-04-25,-0.011850155446815065
2023-04-26,0.0014798906612553157
2023-04-27,0.01657368085064761
2023-04-28,0.0030743894706891056
2023-05-01,-0.0005340018472730949
2023-05-02,-0.006570194485274102
2023-05-03,0.000541982718528448
2023-05-04,-0.0018838364720277815
2023-05-05,0.006697746515754107
2023-05-08,0.0005035385161961337
2023-05-09,-0.0006491016302776672
2023-05-10,0.0036203823784809576
2023-05-11,0.0008965497294237789
2023-05-12,-0.001107158937074304
2023-05-15,0.0006045797747663598
2023-05-16,0.004793607837696493
2023-05-17,-0.001253873042356864
2023-05-18,0.006785511016304765
2023-05-19,-0.0042504412728436225
2023-05-22,-0.005888114097618717
2023-05-23,-0.005274151094510238
2023-05-24,0.004962654008425627
2023-05-25,0.01560561898385957
2023-05-26,0.0014681125002753944
2023-05-30,0.002320436400364641
2023-05-31,-0.0032367719848778844
2023-06-01,0.0020635573741768164
2023-06-02,-0.0018877432779950242
2023-06-05,0.0035162236717450964
2023-06-06,0.000875558665643202
2023-06-07,-0.012275034066755093
2023-06-08,0.007666232118482804
2023-06-09,0.006426477059298356
2023-06-12,0.012476628189977464
2023-06-13,0.003526037670118979
2023-06-14,0.0074334855283522865
2023-06-15,0.0029821064262177863
2023-06-16,-0.0032211586543547535
2023-06-20,0.0008606731700032492
2023-06-21,-0.013790279813100045
2023-06-22,0.0009698361017954812
2023-06-23,-0.003174871722442692
2023-06-26,-0.009759038616725406
2023-06-27,0.009054068233107015
2023-06-28,0.0008491995182632218
2023-06-29,-0.0018141706357879261
2023-06-30,0.0058952349701232535
2023-07-03,0.0019034819220910733
2023-07-05,0.00040133891252264187
2023-07-06,-0.0026221881589103954
2023-07-07,-0.0007421272050313214
2023-07-10,0.0016225869416795307
2023-07-11,0.003857247885842837
2023-07-12,0.006955518243141556
2023-07-13,0.009503140539846995
2023-07-14,-0.003092199287927337
2023-07-17,0.011005742223072105
2023-07-18,0.005296480806403111
2023-07-19,-0.0046039923263986315
2023-07-20,-0.018067529177751195
2023-07-21,-0.0006711764916225678
2023-07-24,0.003291577727115069
2023-07-25,0.004050728602381241
2023-07-26,0.0030320162511945766
2023-07-27,-0.0011547711147138447
2023-07-28,0.013110579359986023
2023-07-31,-0.000869555765036767
2023-08-01,-0.0012228095182176824
2023-08-02,-0.008740251916887938
2023-08-03,-0.002200772401640098
2023-08-04,-0.0009968415096448153
2023-08-07,0.005091630356749958
2023-08-08,-0.004204187870449346
2023-08-09,-0.007879683828286022
2023-08-10,-0.000201285447992768
2023-08-11,-0.00040548259207750327
2023-08-14,0.00221893731870421
2023-08-15,-0.0033432531841405674
2023-08-16,-0.0012143199446161897
2023-08-17,0.002252272985586608
2023-08-18,-0.00019268812519249352
2023-08-21,-0.005580093992964952
2023-08-22,0.0007811931340980201
2023-08-23,-0.005393221520095888
2023-08-24,0.007543772789895883
2023-08-25,-0.0028803352214543778
2023-08-28,-0.0008920372370607017
2023-08-29,-0.006855400056443487
2023-08-30,0.0007379780575173559
2023-08-31,0.00015185114048156997
2023-09-01,0.002059217532102753
2023-09-05,-0.0042407723029246926
2023-09-06,-0.0009061405107420113
2023-09-07,0.006792546110765896
2023-09-08,0.0007485811242976574
2023-09-11,-0.005919665246233674
2023-09-12,-0.006233149109619196
2023-09-13,-0.0012922572723059781
2023-09-14,-0.0004647684891831168
2023-09-15,-0.004160749871528916
2023-09-18,-0.0005504572673175205
2023-09-19,0.0004978838737826192
2023-09-20,-0.0009462036586518082
2023-09-21,-0.0036510877752784793
2023-09-22,-5.375175346988836e-06
2023-09-25,-0.0006539047564139293
2023-09-26,0.0018893313136240505
2023-09-27,0.004083346253789292
2023-09-28,-0.0020951813998110265
2023-09-29,-0.002665802110652504
2023-10-02,-0.004801706232671577
2023-10-03,0.0099793885389084
2023-10-04,-0.010578247402459136
2023-10-05,0.0023516471711009274
2023-10-06,-0.011245110972771873
2023-10-09,0.0012073204492965635
2023-10-10,-0.0018612849730791656
2023-10-11,-0.0024303656790214587
2023-10-12,0.0010351574176473478
2023-10-13,0.0009092076893644552
2023-10-16,-0.003554343418493178
2023-10-17,-0.0008384621574523465
2023-10-18,7.232032821467745e-05
2023-10-19,-0.005147969001792503
2023-10-20,-0.00030386791303373963
2023-10-23,-0.003783457865126775
2023-10-24,-0.0035772923932267868
2023-10-25,0.003968455786939514
2023-10-26,-3.833722010847899e-05
2023-10-27,0.0010463005620565864
2023-10-30,-0.004236836222557153
2023-10-31,-0.006651309606574092
2023-11-01,-0.007929256439343073
2023-11-02,-0.013871468364483323
2023-11-03,-0.006889953336994463
2023-11-06,-0.000982978224597675
2023-11-07,-0.0038689893332914654
2023-11-08,-0.002197227151413942
2023-11-09,0.0012910815915427383
2023-11-10,0.003248189007487164
2023-11-13,-0.004710319647794214
2023-11-14,0.0030056503590364493
2023-11-15,-0.0010446730573527112
2023-11-16,0.008450650914518788
2023-11-17,0.0004900633775032359
2023-11-20,0.0071622706201682615
2023-11-21,-0.005229696671610018
2023-11-22,0.005118857714437068
2023-11-24,-0.0019428403734442212
2023-11-27,0.0008234486833456881
2023-11-28,-0.0007641738265116419
2023-11-29,0.001206484259312235
2023-11-30,0.0027372762062037983
2023-12-01,0.002323644138786096
2023-12-04,-0.009191428443342515
2023-12-05,0.002211447352161422
2023-12-06,-0.004113224376804888
2023-12-07,0.013007974339055898
2023-12-08,0.002800072033779307
2023-12-11,0.003917109521064943
2023-12-12,0.0017822348258746364
2023-12-13,0.009930662368511544
2023-12-14,-0.0015153907570467824
2023-12-15,0.0038793093554985946
2023-12-18,0.0007444594031527196
2023-12-19,0.0025204972785280405
2023-12-20,-0.008307700821670564
2023-12-21,0.007718605308174105
2023-12-22,-0.0007227194024631086
2023-12-26,0.0054686292652874205
2023-12-27,0.0013251493694647286
2023-12-28,6.014036988302903e-05
2023-12-29,-0.002659605746040461
